year_month,station_id,observed_days,salinity_mean,salinity_median,salinity_std,salinity_min,salinity_max
2020-01,AN_THUAN,15,25.066666666666666,25.1,2.4025779804994776,21.1,28.6
2020-01,BEN_LUC,15,4.706666666666666,4.8,2.2336602461516155,1.3,8.9
2020-01,BEN_TRAI,15,18.279999999999998,19.2,4.769576201598749,8.0,25.1
2020-01,BINH_DAI,15,22.486666666666668,22.8,2.763762101263593,17.1,26.2
2020-01,CAU_NOI,15,15.586666666666668,16.5,2.6131170950382137,9.8,19.3
2020-01,CAU_QUAN,15,6.5600000000000005,5.2,3.9043565410961123,1.8,13.0
2020-01,DAI_NGAI,15,5.653333333333333,4.6,3.4483674536275997,1.2,11.3
2020-01,GO_QUAO,15,3.1,3.1,1.4755144381343266,1.0,5.9
2020-01,HOA_BINH,15,8.106666666666666,8.7,1.8112610708196284,4.7,10.6
2020-01,HUNG_MY,15,12.146666666666667,12.0,3.223544337408452,6.0,16.2
2020-01,HUONG_MY,15,7.2,7.0,3.2876391877107545,2.1,12.8
2020-01,LOC_THUAN,15,11.326666666666666,12.6,2.6553091470988206,5.1,13.6
2020-01,SON_DOC,15,14.446666666666665,14.9,2.0496921952425198,10.1,17.1
2020-01,TAN_AN,15,2.8733333333333335,3.4,1.513022833680343,0.4,4.8
2020-01,TRAN_DE,15,14.993333333333334,15.7,4.562340669103128,5.9,21.0
2020-01,TRA_KHA,15,14.386666666666667,14.2,4.980801235984122,5.3,21.2
2020-01,TRA_VINH,15,7.02,6.2,3.0982022436982937,1.9,12.2
2020-01,VAM_KENH,15,19.62,21.0,2.811506967548085,13.6,22.0
2020-01,XEO_RO,15,10.553333333333335,11.0,1.1891573647315306,8.9,12.6
2020-01,XUAN_KHANH,15,0.9333333333333333,0.8,0.4561745697594705,0.4,1.9
2020-02,AN_THUAN,15,27.82,28.7,1.7072115945516022,24.0,29.5
2020-02,BEN_LUC,15,7.593333333333334,7.5,2.1011788074679365,4.0,11.1
2020-02,BEN_TRAI,15,20.459999999999997,22.3,6.294532775126591,7.1,27.2
2020-02,BINH_DAI,15,25.90666666666667,26.7,2.168102088617292,21.0,28.1
2020-02,CAU_NOI,15,17.80666666666667,18.1,2.141583748626458,14.2,21.5
2020-02,CAU_QUAN,15,9.493333333333334,10.7,3.6407351429281944,2.1,14.6
2020-02,DAI_NGAI,15,9.066666666666666,9.3,3.2936446739281453,2.4,14.2
2020-02,GO_QUAO,15,6.846666666666667,6.9,1.7991532399860715,3.9,10.4
2020-02,HOA_BINH,14,10.15,10.25,1.532594582349211,6.7,12.4
2020-02,HUNG_MY,15,14.58,14.5,3.3524404756620423,8.6,20.2
2020-02,HUONG_MY,15,9.120000000000001,10.0,3.584729517590653,2.4,13.5
2020-02,LOC_THUAN,15,13.946666666666665,14.6,2.0804761359796835,9.7,16.2
2020-02,MY_HOA,15,13.24,13.8,3.353420428671086,6.7,17.2
2020-02,SON_DOC,15,22.913333333333334,24.8,4.260594637684586,13.9,28.2
2020-02,TAN_AN,15,6.973333333333333,7.6,1.4805726048037087,4.0,8.6
2020-02,TRAN_DE,15,21.113333333333333,22.7,4.734503544145236,8.3,26.0
2020-02,TRA_KHA,15,18.88,19.5,5.20661666947521,6.3,25.9
2020-02,TRA_VINH,15,8.386666666666667,7.9,3.463042977883276,2.0,12.9
2020-02,TUYEN_NHON,15,1.1133333333333333,1.2,0.5755328793718871,0.3,1.9
2020-02,VAM_KENH,15,22.273333333333333,22.8,1.4776751366669898,18.4,23.8
2020-02,XEO_RO,15,15.273333333333333,15.0,3.310042439664627,10.6,22.4
2020-02,XUAN_KHANH,15,1.8266666666666667,1.7,0.7449512607898459,0.7,2.9
2020-03,AN_THUAN,15,27.69333333333333,27.7,0.5897537823613552,26.8,28.9
2020-03,BEN_LUC,15,7.046666666666667,7.1,0.751062739120533,5.6,8.5
2020-03,BEN_TRAI,15,17.220000000000002,18.4,4.486837893852895,7.6,21.4
2020-03,BINH_DAI,15,26.046666666666667,26.2,0.9664860258147749,24.5,27.2
2020-03,CAU_NOI,15,17.113333333333333,17.5,0.9372197993965723,14.9,18.0
2020-03,CAU_QUAN,15,6.833333333333333,7.0,2.443553228589953,2.5,10.4
2020-03,DAI_NGAI,15,6.693333333333333,6.5,2.4211764161446885,2.8,10.4
2020-03,GO_QUAO,15,6.6466666666666665,6.5,1.3948203502687397,4.2,9.4
2020-03,HOA_BINH,15,15.126666666666667,15.3,0.5933761354278065,14.2,16.4
2020-03,HUNG_MY,15,11.726666666666667,10.9,2.77062825950739,8.4,16.5
2020-03,HUONG_MY,15,6.833333333333333,7.5,2.9659175084055636,2.4,10.5
2020-03,LOC_THUAN,15,14.793333333333333,15.0,1.4230082153495744,12.6,17.2
2020-03,MY_HOA,15,15.639999999999999,15.5,0.5791619561302108,14.7,17.1
2020-03,SON_DOC,15,23.84,23.4,1.0682428830293507,22.7,26.1
2020-03,TAN_AN,15,7.266666666666667,7.5,0.8909598890014768,5.6,8.3
2020-03,TRAN_DE,15,19.146666666666665,18.5,2.362766739791863,15.3,22.8
2020-03,TRA_KHA,15,14.213333333333335,15.0,3.5062936611321134,8.3,19.1
2020-03,TRA_VINH,15,6.42,6.4,2.253631989224759,3.2,9.4
2020-03,TUYEN_NHON,15,2.36,2.7,0.9325847337986428,0.8,3.6
2020-03,VAM_KENH,15,24.1,24.2,0.6969320524371694,22.7,25.1
2020-03,XEO_RO,15,17.366666666666667,17.4,2.572565886055252,11.5,22.6
2020-03,XUAN_KHANH,15,1.9,1.9,0.22038926600773587,1.4,2.2
2020-04,AN_THUAN,15,26.773333333333333,26.9,0.8438573564858203,25.0,27.9
2020-04,BEN_LUC,15,11.386666666666667,11.4,1.8799189445545885,8.5,14.1
2020-04,BEN_TRAI,15,18.293333333333333,18.8,1.9869095409226674,14.9,21.0
2020-04,BINH_DAI,15,26.9,27.5,1.7357583768650355,24.1,29.2
2020-04,CAU_NOI,15,19.56,19.7,1.3605671086509696,17.7,21.6
2020-04,CAU_QUAN,15,5.153333333333333,4.9,1.4525183385449987,3.0,8.2
2020-04,DAI_NGAI,15,4.66,4.0,1.7128922908344237,2.9,8.0
2020-04,GO_QUAO,15,13.66,15.0,2.991129743567996,8.6,16.6
2020-04,HOA_BINH,15,15.186666666666667,14.8,1.3674097863513783,13.3,18.0
2020-04,HUNG_MY,15,10.74,10.9,2.852517684933284,6.1,14.4
2020-04,HUONG_MY,15,6.38,6.9,1.5529695057258162,2.9,8.8
2020-04,LOC_THUAN,15,15.433333333333334,15.9,1.5272134599920701,12.4,17.8
2020-04,SON_DOC,15,23.126666666666665,23.2,1.1780532771524064,20.8,25.4
2020-04,TAN_AN,15,9.74,9.6,1.3542525613784155,7.6,11.7
2020-04,TRAN_DE,15,17.32,16.2,3.2628208654475643,13.0,23.0
2020-04,TRA_KHA,15,13.466666666666667,13.1,1.8641990492536182,10.9,16.8
2020-04,TRA_VINH,15,5.153333333333333,5.6,1.4831754865185451,2.9,6.9
2020-04,TUYEN_NHON,15,5.013333333333334,5.3,0.8862978108535579,3.6,6.4
2020-04,VAM_KENH,15,23.6,23.8,1.125674401033822,21.2,25.4
2020-04,XEO_RO,15,21.42,21.7,5.817485956763699,12.5,28.4
2020-04,XUAN_KHANH,15,3.0266666666666664,3.1,0.690203558655671,2.1,3.9
2020-05,AN_THUAN,15,23.36,22.8,2.523263193338568,19.0,26.8
2020-05,BEN_LUC,15,8.073333333333332,8.1,2.6410135139662536,3.6,12.3
2020-05,BEN_TRAI,15,14.806666666666667,14.3,2.08479758067323,12.3,19.3
2020-05,BINH_DAI,15,23.09333333333333,23.1,2.480629720358082,18.6,27.0
2020-05,CAU_NOI,15,15.620000000000001,16.0,2.4536270528109427,10.9,18.9
2020-05,CAU_QUAN,15,4.446666666666667,4.7,1.3346303215640258,2.0,6.5
2020-05,DAI_NGAI,15,4.2733333333333325,3.9,1.9797065679635695,1.4,7.1
2020-05,GO_QUAO,15,7.833333333333333,7.9,1.0376254944182253,6.0,9.7
2020-05,HOA_BINH,15,9.766666666666667,9.4,1.961292091114087,6.1,12.3
2020-05,HUNG_MY,15,9.586666666666668,9.3,2.2452701608577295,6.0,13.4
2020-05,HUONG_MY,15,5.1,5.0,1.5883504471171164,2.8,7.7
2020-05,LOC_THUAN,15,12.753333333333334,13.8,2.024092977348714,8.8,15.7
2020-05,SON_DOC,15,19.586666666666666,20.3,4.812315549959387,8.8,24.7
2020-05,TAN_AN,15,7.286666666666666,7.4,1.2866716012735364,5.0,9.7
2020-05,TRAN_DE,15,17.3,17.4,1.9885385875777508,13.8,20.9
2020-05,TRA_KHA,15,10.526666666666667,10.4,2.6558470982953466,6.4,14.8
2020-05,TRA_VINH,15,4.52,4.0,1.8233407329875093,1.5,7.4
2020-05,TUYEN_NHON,15,4.946666666666667,4.8,0.5817052108937585,3.9,6.2
2020-05,VAM_KENH,15,19.426666666666666,18.2,2.4352960121239224,16.0,23.1
2020-05,XEO_RO,16,14.95625,15.2,2.954763103871442,11.0,19.6
2020-05,XUAN_KHANH,15,2.14,1.9,0.8139849068449787,1.0,3.8
2020-06,AN_THUAN,15,14.979999999999999,15.2,1.922126798255368,12.0,17.9
2020-06,BEN_LUC,15,1.4866666666666668,1.1,0.8983052827142791,0.4,3.3
2020-06,BEN_TRAI,15,10.266666666666667,10.2,1.9278658321228337,6.5,14.8
2020-06,BINH_DAI,15,18.666666666666668,18.7,1.4336101615286125,16.9,21.9
2020-06,CAU_NOI,15,6.866666666666666,5.9,2.633212776022765,2.7,11.3
2020-06,CAU_QUAN,15,2.466666666666667,2.8,1.2210456096937496,0.1,4.0
2020-06,DAI_NGAI,15,1.62,1.8,0.9652534826222,0.2,3.1
2020-06,GO_QUAO,16,4.30625,4.5,1.292784462571649,2.1,6.1
2020-06,HOA_BINH,15,4.473333333333333,4.6,2.1687608926582502,1.0,7.8
2020-06,HUNG_MY,15,6.546666666666667,7.0,2.103353331728941,3.0,9.4
2020-06,HUONG_MY,15,2.6133333333333337,2.3,1.3458224605192528,0.8,5.3
2020-06,LOC_THUAN,15,8.153333333333332,8.2,2.2321887614327474,4.4,11.4
2020-06,SON_DOC,15,6.6466666666666665,7.1,2.649222707206956,1.6,11.4
2020-06,TAN_AN,15,2.58,2.8,1.2462515224234862,0.7,4.6
2020-06,TRAN_DE,15,12.046666666666665,12.2,3.4230034152703355,4.1,15.8
2020-06,TRA_KHA,15,6.546666666666667,6.2,2.382035943913366,2.3,10.7
2020-06,TRA_VINH,15,2.4866666666666664,2.7,1.2310661271937464,0.1,4.5
2020-06,TUYEN_NHON,15,1.7866666666666666,1.8,1.1728272718196016,0.5,3.9
2020-06,VAM_KENH,15,14.086666666666668,13.8,1.5329088439334946,11.9,16.5
2020-06,XEO_RO,16,8.4625,8.6,0.8585841057617278,7.1,9.7
2020-06,XUAN_KHANH,15,0.36666666666666664,0.2,0.26903708365381973,0.1,1.0
2021-01,AN_THUAN,13,21.015384615384615,21.9,2.684786196902264,16.5,24.4
2021-01,BEN_LUC,31,1.2193548387096773,1.1,0.5522193735818581,0.7,3.4
2021-01,BEN_TRAI,13,12.007692307692308,13.1,3.0587201949131,4.3,14.8
2021-01,BINH_DAI,13,19.23846153846154,19.0,2.7888284462411996,13.4,23.3
2021-01,CAU_NOI,31,10.2,10.7,3.0253374467432006,4.3,15.8
2021-01,CAU_QUAN,31,4.109677419354839,2.4,3.401701029260672,0.3,10.2
2021-01,DAI_NGAI,31,3.52258064516129,2.7,2.16774993598114,0.3,7.3
2021-01,GO_QUAO,31,1.0064516129032257,0.6,0.9405443402168653,0.1,3.4
2021-01,HOA_BINH,31,12.035483870967743,10.5,4.378321473433761,4.0,19.8
2021-01,HUNG_MY,31,9.738709677419354,10.0,2.375103846060187,5.5,14.3
2021-01,HUONG_MY,13,4.638461538461538,5.2,2.619013319788727,1.3,7.6
2021-01,LOC_THUAN,13,6.961538461538462,6.3,3.9152561562726347,2.1,13.7
2021-01,MY_HOA,31,2.0258064516129033,1.2,1.6905556762862486,0.4,5.6
2021-01,SON_DOC,13,7.592307692307693,7.9,2.0455078988120685,3.4,10.1
2021-01,TAN_AN,31,0.3548387096774194,0.2,0.41700416438961324,0.2,2.0
2021-01,TRAN_DE,31,13.506451612903225,13.1,2.449889178972656,10.2,18.7
2021-01,TRA_KHA,31,10.435483870967742,8.5,4.0002956879958065,5.2,18.2
2021-01,TRA_VINH,31,3.796774193548387,2.7,2.69251850763899,1.0,9.1
2021-01,TUYEN_NHON,31,0.1,0.1,0.0,0.1,0.1
2021-01,VAM_KENH,31,16.096774193548388,15.3,2.692766095915468,12.2,21.0
2021-01,XEO_RO,31,7.66774193548387,7.2,3.9448182971905643,2.5,18.3
2021-01,XUAN_KHANH,31,0.1,0.1,0.0,0.1,0.1
2021-02,AN_THUAN,12,23.933333333333334,24.1,0.8445906306213278,22.6,25.4
2021-02,BEN_LUC,28,2.7035714285714287,2.6,0.578940374884977,2.0,3.9
2021-02,BEN_TRAI,12,12.4,14.6,3.9024467849146784,5.4,16.1
2021-02,BINH_DAI,12,20.45,20.65,1.6306719195138277,16.2,22.6
2021-02,CAU_NOI,28,12.742857142857144,13.0,1.618968252022936,9.6,15.6
2021-02,CAU_QUAN,28,5.603571428571429,5.550000000000001,3.5564737157759643,0.9,12.4
2021-02,DAI_NGAI,28,4.710714285714286,4.4,2.6098586999802182,1.3,9.1
2021-02,GO_QUAO,28,3.085714285714286,3.0,1.492379230355263,0.8,5.7
2021-02,HOA_BINH,28,13.875,13.25,2.3819731938660205,10.2,19.0
2021-02,HUNG_MY,28,10.153571428571428,10.3,2.412388111833666,6.0,14.2
2021-02,HUONG_MY,12,6.133333333333333,6.35,2.9186962635375195,2.4,11.2
2021-02,LOC_THUAN,12,8.4,8.3,1.1622861484630584,6.7,10.4
2021-02,MY_HOA,28,4.660714285714286,4.85,0.7009724915162034,3.2,5.8
2021-02,SON_DOC,12,11.916666666666666,12.0,0.9398581453247783,9.6,13.2
2021-02,TAN_AN,28,1.342857142857143,1.3,0.30602417167732626,1.0,2.0
2021-02,TRAN_DE,28,14.50357142857143,15.8,3.320473208451219,5.2,19.3
2021-02,TRA_KHA,28,11.924999999999999,12.35,3.999317071330683,4.9,17.5
2021-02,TRA_VINH,28,5.085714285714286,4.8,2.660091099207818,1.6,10.3
2021-02,TUYEN_NHON,28,0.1,0.1,0.0,0.1,0.1
2021-02,VAM_KENH,28,19.064285714285713,19.3,1.1486592137870961,16.8,21.3
2021-02,XEO_RO,28,13.317857142857141,13.75,4.209605732521803,6.4,21.6
2021-02,XUAN_KHANH,28,0.1,0.1,0.0,0.1,0.1
2021-03,AN_THUAN,14,27.464285714285715,27.6,1.8776446550264627,24.9,30.0
2021-03,BEN_LUC,31,4.641935483870968,4.4,1.4465531891473116,2.7,6.9
2021-03,BEN_TRAI,14,13.985714285714286,14.5,3.020661451469794,7.2,17.8
2021-03,BINH_DAI,14,25.092857142857145,25.85,1.9574175631386155,21.7,27.5
2021-03,CAU_NOI,31,16.10322580645161,16.0,1.3553557641120753,13.6,18.2
2021-03,CAU_QUAN,31,6.687096774193549,6.7,2.5185633385568407,1.3,12.5
2021-03,DAI_NGAI,31,5.670967741935484,6.1,2.3368345467586558,1.3,9.4
2021-03,GO_QUAO,31,6.345161290322581,5.8,3.5913635952265097,1.0,12.4
2021-03,HOA_BINH,31,17.33225806451613,17.4,1.7346252422880264,14.2,20.0
2021-03,HUNG_MY,31,10.73225806451613,11.1,2.3425608632113413,4.5,14.2
2021-03,HUONG_MY,14,7.178571428571429,6.800000000000001,2.521958509824205,2.7,10.7
2021-03,LOC_THUAN,14,12.342857142857143,12.7,1.1580582459871784,9.5,13.7
2021-03,MY_HOA,31,5.993548387096775,5.7,1.2984440647356794,3.7,8.3
2021-03,SON_DOC,14,14.47857142857143,14.5,1.1205620646172794,12.7,16.1
2021-03,TAN_AN,31,4.67741935483871,5.0,1.8077075127389672,1.6,7.4
2021-03,TRAN_DE,31,18.164516129032258,18.3,3.388268819234662,11.1,23.2
2021-03,TRA_KHA,31,14.451612903225806,14.8,2.9056119226698685,8.6,18.6
2021-03,TRA_VINH,31,5.541935483870968,6.0,1.8622162770112367,1.9,8.2
2021-03,TUYEN_NHON,31,0.1,0.1,0.0,0.1,0.1
2021-03,VAM_KENH,31,23.12258064516129,23.6,1.3834039365322404,20.1,24.6
2021-03,XEO_RO,31,18.238709677419354,19.3,3.5511197688761813,11.6,25.4
2021-03,XUAN_KHANH,31,0.1,0.1,0.0,0.1,0.1
2021-04,AN_THUAN,13,23.123076923076926,23.5,2.5859085592733315,17.7,26.4
2021-04,BEN_LUC,30,2.856666666666667,3.0,0.9023659832995101,1.8,4.8
2021-04,BEN_TRAI,13,13.169230769230769,13.4,1.7109376646469885,9.9,16.4
2021-04,BINH_DAI,12,23.175,23.55,2.183460556089806,19.0,25.5
2021-04,CAU_NOI,30,13.67,14.65,2.057811023125434,10.8,16.8
2021-04,CAU_QUAN,30,3.396666666666667,3.1,1.885787740520881,0.9,7.5
2021-04,DAI_NGAI,30,3.3066666666666666,3.2,1.811254724813967,0.3,7.1
2021-04,GO_QUAO,30,5.973333333333333,5.5,2.3655477361393547,2.1,10.9
2021-04,HOA_BINH,30,14.933333333333334,14.95,2.239047416499557,10.0,18.9
2021-04,HUNG_MY,30,8.816666666666666,8.6,2.3150308456027004,3.7,12.4
2021-04,HUONG_MY,13,5.723076923076923,5.9,1.91056442190689,2.6,8.6
2021-04,LOC_THUAN,13,11.753846153846155,11.8,1.3513051620657865,9.2,13.9
2021-04,MY_HOA,30,4.226666666666667,4.1,1.4443548454380004,2.2,6.3
2021-04,SON_DOC,13,12.169230769230769,11.8,2.2746371928231457,8.1,15.2
2021-04,TAN_AN,30,3.5133333333333336,4.0,1.382584619430239,1.7,5.7
2021-04,TRAN_DE,30,15.683333333333334,16.15,3.7444288117731364,7.6,22.4
2021-04,TRA_KHA,30,9.836666666666668,8.7,2.811979709218663,5.7,15.3
2021-04,TRA_VINH,30,4.253333333333333,4.1,2.0420971866050426,0.8,7.9
2021-04,TUYEN_NHON,30,0.1,0.1,0.0,0.1,0.1
2021-04,VAM_KENH,30,20.05666666666667,20.1,1.9864512341729235,16.5,23.1
2021-04,XEO_RO,30,14.026666666666667,13.8,3.7327010958907985,6.7,22.6
2021-04,XUAN_KHANH,30,0.1,0.1,0.0,0.1,0.1
2021-05,AN_THUAN,12,16.191666666666666,15.7,2.530346125562967,13.1,20.6
2021-05,BEN_LUC,31,1.1451612903225807,1.0,0.5012243075227028,0.4,1.9
2021-05,BEN_TRAI,12,10.333333333333334,9.85,2.653414038669063,6.4,14.8
2021-05,BINH_DAI,12,17.241666666666667,18.3,2.5482465748158294,13.1,19.9
2021-05,CAU_NOI,30,6.2733333333333325,6.1,3.457419142429332,0.8,11.9
2021-05,CAU_QUAN,31,1.0870967741935484,1.0,0.7306353105272474,0.2,2.5
2021-05,DAI_NGAI,31,0.964516129032258,0.8,0.6058318727704216,0.1,2.2
2021-05,GO_QUAO,31,1.8419354838709678,1.2,1.414867294966419,0.4,6.0
2021-05,HOA_BINH,31,9.167741935483871,10.6,3.850401459309075,3.1,14.6
2021-05,HUNG_MY,31,5.338709677419355,5.3,1.8273254443502647,2.0,8.8
2021-05,HUONG_MY,12,2.091666666666667,2.25,1.0211030874262967,0.4,3.1
2021-05,LOC_THUAN,12,7.0,6.5,2.575761140817498,4.3,12.2
2021-05,MY_HOA,31,0.7387096774193548,0.4,0.6974608325226771,0.2,2.7
2021-05,SON_DOC,12,4.808333333333334,4.45,2.1997761594114866,1.5,8.3
2021-05,TAN_AN,31,1.0806451612903225,1.0,0.432372798125807,0.5,2.0
2021-05,TRAN_DE,31,9.329032258064515,10.1,3.152479822656771,3.6,15.6
2021-05,TRA_KHA,31,6.058064516129033,6.0,1.6944564897626986,2.8,9.2
2021-05,TRA_VINH,31,1.6258064516129032,1.5,1.1369455401602675,0.2,3.3
2021-05,TUYEN_NHON,31,0.1,0.1,0.0,0.1,0.1
2021-05,VAM_KENH,31,14.419354838709678,14.2,3.806172123874478,8.9,19.1
2021-05,XEO_RO,30,5.953333333333333,5.0,3.0836312375502044,1.0,14.3
2021-05,XUAN_KHANH,31,0.1,0.1,0.0,0.1,0.1
2022-01,AN_THUAN,12,19.575,19.1,2.2361187966490674,15.5,23.8
2022-01,BEN_LUC,31,0.6032258064516128,0.6,0.16428404460515314,0.3,1.0
2022-01,BEN_TRAI,12,14.991666666666667,17.65,5.457015223683653,5.3,21.1
2022-01,BINH_DAI,12,17.875,17.6,1.9904887476560764,14.8,21.2
2022-01,CAU_NOI,31,7.216129032258064,7.6,3.1219755256561026,1.6,13.0
2022-01,CAU_QUAN,31,2.696774193548387,2.3,2.008562316843857,0.1,6.0
2022-01,DAI_NGAI,31,1.5903225806451613,1.3,0.9253305134598042,0.1,3.2
2022-01,GO_QUAO,8,1.05125,0.3,1.464781187949732,0.2,4.01
2022-01,HOA_BINH,31,6.370967741935484,6.1,1.8092712249940301,4.0,12.5
2022-01,HUNG_MY,31,6.503225806451613,6.8,1.411732711001565,4.1,8.8
2022-01,HUONG_MY,12,2.8833333333333333,3.0999999999999996,1.81249869383443,0.5,5.0
2022-01,LOC_THUAN,12,5.0249999999999995,4.75,2.906771092091392,1.6,10.6
2022-01,MY_HOA,31,0.3290322580645161,0.2,0.29347748168822857,0.1,1.1
2022-01,SON_DOC,12,7.591666666666666,8.1,1.5882857158431902,4.5,9.6
2022-01,TAN_AN,31,0.23225806451612904,0.2,0.05992827253861372,0.1,0.3
2022-01,TRAN_DE,31,12.048387096774194,11.8,2.7429753878762066,6.6,17.2
2022-01,TRA_KHA,31,9.529032258064515,9.6,3.0004659136415346,4.7,14.4
2022-01,TRA_VINH,31,2.161290322580645,1.8,1.3388247132852105,0.3,4.5
2022-01,TUYEN_NHON,31,0.1,0.1,0.0,0.1,0.1
2022-01,VAM_KENH,31,14.345161290322581,14.3,1.962284163872538,10.2,17.9
2022-01,XEO_RO,5,8.4,8.7,1.5297058540778357,6.7,10.3
2022-01,XUAN_KHANH,31,0.1,0.1,0.0,0.1,0.1
2022-02,AN_THUAN,12,26.266666666666666,25.65,1.662054223671492,23.9,29.5
2022-02,BEN_LUC,28,1.6535714285714285,1.5,0.7254536985797709,0.7,3.2
2022-02,BEN_TRAI,12,18.658333333333335,20.35,5.663833962212801,6.7,24.6
2022-02,BINH_DAI,12,23.083333333333332,23.3,1.1691747931638345,20.6,24.9
2022-02,CAU_NOI,28,10.921428571428573,10.3,1.8811653486025806,8.1,14.3
2022-02,CAU_QUAN,28,4.9071428571428575,3.9,3.270171427314043,0.9,11.5
2022-02,DAI_NGAI,28,4.314285714285714,4.5,1.7794535752457912,1.3,7.6
2022-02,GO_QUAO,28,5.457142857142857,4.65,2.6561498969621944,1.9,10.6
2022-02,HOA_BINH,28,13.310714285714285,13.9,1.5889291259196447,10.4,15.0
2022-02,HUNG_MY,28,9.942857142857141,9.55,2.2551059056067957,6.5,14.3
2022-02,HUONG_MY,12,6.691666666666666,6.5,3.264257769827436,2.4,12.1
2022-02,LOC_THUAN,12,11.883333333333333,12.75,1.8140027730425503,8.7,13.7
2022-02,MY_HOA,28,3.735714285714286,3.55,1.7969550965585146,1.0,8.0
2022-02,SON_DOC,12,14.516666666666666,13.75,3.108297790031572,10.7,20.0
2022-02,TAN_AN,28,0.9142857142857144,0.95,0.39787796911475054,0.4,1.7
2022-02,TRAN_DE,28,15.075000000000001,15.9,2.985722196895926,8.2,19.5
2022-02,TRA_KHA,28,12.828571428571427,12.600000000000001,3.87669744354432,5.7,19.6
2022-02,TRA_VINH,28,4.792857142857143,3.9,2.2628936852375174,2.0,9.5
2022-02,TUYEN_NHON,28,0.1,0.1,0.0,0.1,0.1
2022-02,VAM_KENH,28,20.232142857142858,20.4,1.0285025329659907,18.0,21.7
2022-02,XEO_RO,28,11.082142857142857,10.5,3.0016111194105934,6.7,18.3
2022-02,XUAN_KHANH,28,0.1,0.1,0.0,0.1,0.1
2022-03,AN_THUAN,12,22.55,22.0,3.934578642105033,17.9,27.8
2022-03,BEN_LUC,31,0.9870967741935484,0.8,0.355660826709822,0.6,1.7
2022-03,BEN_TRAI,12,15.75,16.35,5.795060592670906,6.6,23.6
2022-03,BINH_DAI,12,20.558333333333334,20.95,1.7349133241820016,17.2,23.4
2022-03,CAU_NOI,31,9.167741935483871,9.3,2.007052083159809,5.1,12.4
2022-03,CAU_QUAN,31,4.296774193548386,3.5,2.9725952601464543,0.8,9.8
2022-03,DAI_NGAI,31,3.3741935483870966,3.3,2.540074505722944,0.2,7.0
2022-03,GO_QUAO,31,2.8677419354838714,2.7,1.6328680487155502,0.2,6.3
2022-03,HOA_BINH,31,11.493548387096775,12.0,1.979382981953546,7.5,14.3
2022-03,HUNG_MY,31,8.83548387096774,8.6,2.9785397302589707,4.3,13.7
2022-03,HUONG_MY,12,5.483333333333333,4.5,3.490202737881447,1.3,10.7
2022-03,LOC_THUAN,12,9.950000000000001,10.5,1.8293068732073459,6.4,12.5
2022-03,MY_HOA,31,4.067741935483871,4.6,2.053839834192562,0.9,7.2
2022-03,SON_DOC,12,12.208333333333334,13.0,4.20507449579095,6.3,18.7
2022-03,TAN_AN,31,0.4483870967741936,0.4,0.13384311149485303,0.3,0.8
2022-03,TRAN_DE,31,13.796774193548387,14.4,3.5802685067806252,7.9,19.6
2022-03,TRA_KHA,31,10.412903225806453,9.6,3.895188650586248,5.5,17.8
2022-03,TRA_VINH,31,4.638709677419355,3.8,2.76811336706126,0.8,9.3
2022-03,TUYEN_NHON,31,0.1,0.1,0.0,0.1,0.1
2022-03,VAM_KENH,31,19.80516129032258,20.3,1.6052494530295307,16.5,21.6
2022-03,XEO_RO,31,7.561290322580645,7.6,2.6607865277463647,3.5,13.2
2022-03,XUAN_KHANH,31,0.1,0.1,0.0,0.1,0.1
2022-04,AN_THUAN,12,18.433333333333334,18.0,2.3097946911254943,15.2,23.5
2022-04,BEN_LUC,30,0.5466666666666666,0.5,0.08995528902176074,0.5,0.8
2022-04,BEN_TRAI,12,14.016666666666666,15.1,3.713080890173239,7.8,19.5
2022-04,BINH_DAI,11,18.145454545454545,19.1,3.776602609850191,11.5,22.8
2022-04,CAU_NOI,30,5.753333333333333,5.8,1.4975228588050595,3.6,9.4
2022-04,CAU_QUAN,30,1.12,0.95,0.7009353356962297,0.2,2.5
2022-04,DAI_NGAI,30,0.5033333333333333,0.3,0.43110390245582747,0.2,1.7
2022-04,GO_QUAO,30,2.6366666666666663,2.75,1.310562746549618,0.4,4.6
2022-04,HOA_BINH,30,8.443333333333333,8.4,2.8970476450122917,4.0,13.3
2022-04,HUNG_MY,30,5.83,5.9,1.4015139597272464,3.2,8.5
2022-04,HUONG_MY,12,2.8333333333333335,2.7,1.439907404430345,0.5,5.3
2022-04,LOC_THUAN,11,7.263636363636365,8.3,2.6047160026662133,2.9,9.8
2022-04,MY_HOA,30,0.55,0.5,0.3266866050682741,0.2,1.4
2022-04,SON_DOC,12,6.133333333333333,5.8,2.2716967360556866,2.7,10.8
2022-04,TAN_AN,30,0.3,0.3,0.0262612865719445,0.2,0.4
2022-04,TRAN_DE,30,9.476666666666667,9.05,1.8726126564026901,6.7,14.1
2022-04,TRA_KHA,30,6.08,6.05,0.8347619937484556,4.2,7.5
2022-04,TRA_VINH,30,2.19,2.05,1.2820646064736416,0.2,4.5
2022-04,TUYEN_NHON,30,0.1,0.1,0.0,0.1,0.1
2022-04,VAM_KENH,30,15.403333333333334,15.8,2.5166320314279558,10.5,19.1
2022-04,XEO_RO,30,4.363333333333333,4.300000000000001,1.112463353393575,2.5,7.4
2022-04,XUAN_KHANH,30,0.1,0.1,0.0,0.1,0.1
2022-05,AN_THUAN,2,13.899999999999999,13.899999999999999,0.2828427124746186,13.7,14.1
2022-05,BEN_LUC,31,0.29677419354838713,0.2,0.12243058160373148,0.2,0.6
2022-05,BEN_TRAI,3,7.633333333333334,7.7,1.2013880860626733,6.4,8.8
2022-05,BINH_DAI,2,16.95,16.95,0.6363961030678917,16.5,17.4
2022-05,CAU_NOI,31,1.5548387096774194,1.5,0.9663811220829387,0.4,4.3
2022-05,CAU_QUAN,31,0.3645161290322581,0.1,0.7092476704681632,0.1,3.2
2022-05,DAI_NGAI,31,0.2,0.2,0.0,0.2,0.2
2022-05,GO_QUAO,31,1.4903225806451614,1.6,0.955110757524898,0.2,3.1
2022-05,HOA_BINH,31,4.919354838709677,4.6,1.9608534459666125,1.6,8.8
2022-05,HUNG_MY,31,3.2870967741935484,3.4,1.3891824779305444,1.0,5.7
2022-05,HUONG_MY,2,0.95,0.95,0.6363961030678927,0.5,1.4
2022-05,LOC_THUAN,2,4.45,4.45,0.3535533905932738,4.2,4.7
2022-05,MY_HOA,6,0.20000000000000004,0.2,0.0,0.2,0.2
2022-05,SON_DOC,3,2.766666666666667,3.1,1.1372481406154658,1.5,3.7
2022-05,TAN_AN,31,0.2064516129032258,0.2,0.0442378711887431,0.1,0.3
2022-05,TRAN_DE,31,7.025806451612904,6.8,1.8140135504704265,3.9,10.8
2022-05,TRA_KHA,31,3.383870967741936,3.2,1.3810857502205884,1.2,7.5
2022-05,TRA_VINH,31,0.4741935483870968,0.3,0.3898441927535357,0.1,1.5
2022-05,TUYEN_NHON,31,0.1,0.1,0.0,0.1,0.1
2022-05,VAM_KENH,31,11.27741935483871,11.1,1.8415047610435977,9.0,15.7
2022-05,XEO_RO,31,2.670967741935484,2.6,0.3848753463890154,1.9,4.0
2022-05,XUAN_KHANH,31,0.1,0.1,0.0,0.1,0.1
2023-01,AN_THUAN,12,17.533333333333335,17.45,3.5015148237021734,13.5,24.2
2023-01,BEN_LUC,31,0.49032258064516127,0.4,0.23431437387930687,0.1,1.0
2023-01,BEN_TRAI,12,13.766666666666666,15.55,5.87774436224295,5.0,23.3
2023-01,BINH_DAI,12,17.025000000000002,16.950000000000003,2.163383293068354,13.9,20.5
2023-01,CAU_NOI,31,7.651612903225806,7.1,1.8141795147746427,4.9,10.9
2023-01,CAU_QUAN,31,2.7096774193548385,3.0,2.2754274087461277,0.1,7.2
2023-01,DAI_NGAI,31,1.032258064516129,0.7,1.2694846977610492,0.1,6.6
2023-01,GO_QUAO,31,0.13419354838709677,0.1,0.05903525463926264,0.1,0.3
2023-01,HOA_BINH,31,11.006451612903225,11.0,2.52255630711797,7.4,15.2
2023-01,HUNG_MY,31,6.029032258064516,6.6,1.9926855494344136,2.3,10.3
2023-01,HUONG_MY,12,2.058333333333333,2.15,1.3453342493314597,0.3,4.2
2023-01,LOC_THUAN,12,5.158333333333333,5.1,1.5900019058498203,2.4,7.6
2023-01,MY_HOA,31,0.43870967741935485,0.2,0.5314617699357366,0.1,2.3
2023-01,SON_DOC,12,5.816666666666666,6.699999999999999,2.7764703994078306,2.2,9.8
2023-01,TAN_AN,31,0.1806451612903226,0.2,0.04774484152736417,0.1,0.3
2023-01,TRAN_DE,31,10.641935483870967,10.3,3.2271529447846534,5.0,18.1
2023-01,TRA_KHA,31,6.816129032258065,6.9,2.1940976541915886,2.6,10.4
2023-01,TRA_VINH,31,2.2129032258064516,2.2,1.5389914306635737,0.1,4.8
2023-01,TUYEN_NHON,31,0.0,0.0,0.0,0.0,0.0
2023-01,VAM_KENH,31,15.5,15.2,1.423844560804772,13.0,17.8
2023-01,XEO_RO,31,2.1580645161290324,0.9,2.6167122110960017,0.2,10.4
2023-01,XUAN_KHANH,31,0.1032258064516129,0.1,0.01796053020267749,0.1,0.2
2023-02,AN_THUAN,12,21.325,20.4,2.394738550922153,19.2,26.0
2023-02,BEN_LUC,28,1.2285714285714284,1.1,0.5394490624751247,0.5,2.7
2023-02,BEN_TRAI,12,18.641666666666666,18.45,3.7286259553824266,12.1,23.9
2023-02,BINH_DAI,12,21.291666666666668,20.549999999999997,1.6087591679944087,19.5,24.4
2023-02,CAU_NOI,28,10.660714285714286,10.649999999999999,1.1792462393926446,8.2,13.5
2023-02,CAU_QUAN,28,4.892857142857143,4.449999999999999,3.806323060132343,0.1,13.1
2023-02,DAI_NGAI,28,3.85,3.3,2.488864087178013,0.4,8.3
2023-02,GO_QUAO,28,2.0142857142857142,0.7000000000000001,2.0869460738945596,0.1,5.4
2023-02,HOA_BINH,28,13.192857142857141,13.9,2.260928778577278,7.4,16.0
2023-02,HUNG_MY,28,8.7,8.850000000000001,2.731300056749533,3.2,13.5
2023-02,HUONG_MY,12,5.2749999999999995,6.25,3.0736785778607367,0.6,9.1
2023-02,LOC_THUAN,12,9.908333333333333,9.3,2.3438345944329364,6.7,13.9
2023-02,MY_HOA,28,2.817857142857143,2.9,1.3162949043175223,0.4,5.3
2023-02,SON_DOC,12,10.316666666666666,11.05,2.080136941878995,6.8,13.9
2023-02,TAN_AN,28,0.34285714285714286,0.3,0.09200874124564723,0.3,0.7
2023-02,TRAN_DE,28,14.285714285714286,13.95,3.6186465943226866,7.4,20.5
2023-02,TRA_KHA,28,11.025,11.2,3.483253587603916,4.1,16.1
2023-02,TRA_VINH,28,3.9964285714285714,3.75,2.517123894132487,0.2,9.3
2023-02,TUYEN_NHON,28,0.0,0.0,0.0,0.0,0.0
2023-02,VAM_KENH,28,18.72142857142857,18.65,1.3093275466202576,14.8,21.0
2023-02,XEO_RO,28,7.267857142857143,9.100000000000001,4.41856802439924,0.2,12.6
2023-02,XUAN_KHANH,28,0.32142857142857145,0.3,0.0956736074026644,0.2,0.5
2023-03,AN_THUAN,12,24.083333333333332,24.6,2.703476998013461,19.3,27.3
2023-03,BEN_LUC,31,1.3193548387096774,1.3,0.2676058729284662,0.8,1.9
2023-03,BEN_TRAI,12,18.8,19.95,4.3323308863810155,10.5,23.4
2023-03,BINH_DAI,12,21.141666666666666,21.25,2.103010108190523,16.3,24.5
2023-03,CAU_NOI,31,10.429032258064517,10.4,0.7376510233559387,8.9,12.1
2023-03,CAU_QUAN,31,5.848387096774194,6.2,2.866457856861198,1.8,10.2
2023-03,DAI_NGAI,31,4.561290322580645,4.3,2.5813016638064403,0.7,9.5
2023-03,GO_QUAO,31,1.6838709677419357,2.0,0.7742078851719124,0.2,2.6
2023-03,HOA_BINH,31,11.745161290322581,12.4,2.071366490939,8.7,15.0
2023-03,HUNG_MY,31,9.816129032258065,9.8,2.8512098922145954,4.5,13.8
2023-03,HUONG_MY,12,5.941666666666666,5.7,2.568146956051929,1.6,9.5
2023-03,LOC_THUAN,12,10.741666666666667,10.65,1.4835205874315778,8.7,13.3
2023-03,MY_HOA,31,4.509677419354839,4.8,1.9301735394707693,1.4,7.1
2023-03,SON_DOC,12,13.741666666666667,15.15,2.7301209874400447,8.9,16.6
2023-03,TAN_AN,31,0.5096774193548387,0.5,0.10756343464727351,0.3,0.7
2023-03,TRAN_DE,31,16.403225806451612,17.0,2.419708504616172,11.1,19.9
2023-03,TRA_KHA,31,10.906451612903227,11.5,3.227582736752173,5.7,16.2
2023-03,TRA_VINH,31,5.451612903225806,5.6,2.5042458569054196,1.2,9.8
2023-03,TUYEN_NHON,31,0.0,0.0,0.0,0.0,0.0
2023-03,VAM_KENH,31,20.15806451612903,20.3,0.9503592982124839,17.6,21.5
2023-03,XEO_RO,31,7.738709677419355,7.6,3.7374391784888252,2.2,22.0
2023-03,XUAN_KHANH,31,0.12580645161290324,0.1,0.044480272297456935,0.1,0.2
2023-04,AN_THUAN,12,19.833333333333332,19.85,1.353334826092623,17.7,21.9
2023-04,BEN_LUC,30,1.8599999999999999,1.5,0.7881011662698273,1.0,3.8
2023-04,BEN_TRAI,12,15.533333333333333,15.5,2.2166040091395067,11.9,18.8
2023-04,BINH_DAI,12,21.458333333333332,21.5,0.9491224016602563,20.2,23.1
2023-04,CAU_NOI,30,11.096666666666666,10.850000000000001,1.4863710339530682,8.9,13.8
2023-04,CAU_QUAN,30,2.1566666666666667,1.9,1.3882967320036284,0.3,4.8
2023-04,DAI_NGAI,30,2.2866666666666666,2.1,1.0526594672651686,0.7,5.6
2023-04,GO_QUAO,30,6.216666666666667,6.15,1.5896395890227777,2.7,8.5
2023-04,HOA_BINH,30,11.166666666666666,11.1,1.465542934189927,8.4,14.1
2023-04,HUNG_MY,30,7.546666666666667,7.15,1.469865894266016,4.5,10.3
2023-04,HUONG_MY,12,3.15,3.1500000000000004,0.8479922812684729,1.7,4.8
2023-04,LOC_THUAN,12,10.383333333333333,10.149999999999999,1.4452639477921945,8.4,12.7
2023-04,MY_HOA,30,1.65,1.55,0.41667816076100306,1.0,2.7
2023-04,SON_DOC,12,8.941666666666666,8.7,0.6761634193720998,8.2,10.0
2023-04,TAN_AN,30,0.8266666666666667,0.6,0.41682985310169623,0.4,1.9
2023-04,TRAN_DE,30,13.886666666666667,13.850000000000001,1.5158321564199582,10.7,17.7
2023-04,TRA_KHA,30,7.42,7.2,1.8061962317495317,4.4,10.7
2023-04,TRA_VINH,30,3.2,2.7,1.42828568570857,1.3,6.5
2023-04,TUYEN_NHON,30,0.08000000000000002,0.1,0.07143842296595067,0.0,0.2
2023-04,VAM_KENH,30,16.34,16.2,0.9636854544779702,15.0,18.5
2023-04,XEO_RO,30,15.733333333333333,15.45,4.113420703630673,8.4,23.2
2023-04,XUAN_KHANH,30,0.1,0.1,0.0,0.1,0.1
2023-05,AN_THUAN,12,17.158333333333335,16.7,2.1304964565835713,14.4,20.5
2023-05,BEN_LUC,31,1.2258064516129032,0.9,0.7745827874563544,0.3,2.5
2023-05,BEN_TRAI,12,15.858333333333334,16.1,3.012235151189331,11.1,20.3
2023-05,BINH_DAI,12,19.516666666666666,18.799999999999997,2.594341161182558,16.5,24.8
2023-05,CAU_NOI,31,8.787096774193548,8.7,2.0069449312298646,5.1,11.5
2023-05,CAU_QUAN,31,2.864516129032258,2.7,1.9191227834780449,0.5,6.5
2023-05,DAI_NGAI,31,3.9064516129032256,3.4,2.1936173297198653,0.8,7.6
2023-05,GO_QUAO,31,4.664516129032258,4.2,2.518537722184148,0.5,9.0
2023-05,HOA_BINH,31,12.280645161290321,11.6,2.900852674052777,7.5,17.4
2023-05,HUNG_MY,31,8.083870967741936,7.9,2.4392754080113686,4.1,12.3
2023-05,HUONG_MY,12,3.108333333333333,2.95,1.009462803433168,1.4,4.6
2023-05,LOC_THUAN,12,9.275,9.25,1.0100630043355086,7.6,10.9
2023-05,MY_HOA,31,2.3419354838709676,2.5,1.15000701260134,0.5,4.0
2023-05,SON_DOC,12,8.633333333333333,9.05,1.5440992274599528,6.5,10.6
2023-05,TAN_AN,31,0.7032258064516129,0.5,0.4520205533437184,0.2,1.4
2023-05,TRAN_DE,31,15.774193548387096,15.3,2.9748913416499194,11.3,20.2
2023-05,TRA_KHA,31,6.158064516129032,6.0,1.7122644253635577,3.8,9.7
2023-05,TRA_VINH,31,3.4000000000000004,3.2,1.698823122046554,0.9,6.7
2023-05,TUYEN_NHON,31,0.06451612903225806,0.0,0.07978465640616286,0.0,0.2
2023-05,VAM_KENH,29,15.972413793103447,16.1,2.598336906523664,11.6,19.6
2023-05,XEO_RO,31,12.983870967741936,12.1,5.26390835623073,5.2,21.7
2023-05,XUAN_KHANH,31,0.1,0.1,0.0,0.1,0.1
